cluster,center_x,center_y,mean_distance,count
3,182.8701197766818,182.56098897157946,17.297746252145217,12
2,222.30651263656048,137.1636643256941,26.148110839832572,12
4,123.90936513989625,218.50970125220067,23.04202779573822,19
1,124.8532131197258,132.49501274707447,25.425570507518742,11
0,218.50876148887687,223.35850153927336,21.3134025261117,16
